{"stats":{"minecraft:mined":{"minecraft:spruce_log":1},"minecraft:custom":{"minecraft:jump":10,"minecraft:time_since_rest":1763,"minecraft:crouch_one_cm":111,"minecraft:leave_game":1,"minecraft:sprint_one_cm":2298,"minecraft:play_time":1763,"minecraft:time_since_death":1763,"minecraft:walk_one_cm":1551,"minecraft:sneak_time":22,"minecraft:total_world_time":1763,"minecraft:fall_one_cm":267,"minecraft:fly_one_cm":2553},"minecraft:picked_up":{"minecraft:spruce_log":1},"minecraft:used":{"minecraft:spruce_log":1}},"DataVersion":3465}