{"stats":{"minecraft:crafted":{"minecraft:crafting_table":1,"minecraft:spruce_planks":52,"minecraft:stick":16,"minecraft:wooden_pickaxe":1,"minecraft:stone_pickaxe":1,"minecraft:stone_sword":1,"minecraft:torch":36,"minecraft:stone_axe":1},"minecraft:used":{"minecraft:stone_sword":30,"minecraft:stone_pickaxe":67,"minecraft:shield":4,"minecraft:spruce_planks":12,"minecraft:wooden_pickaxe":9,"minecraft:stone_axe":10,"minecraft:torch":9,"minecraft:golden_carrot":6,"minecraft:dirt":7,"minecraft:cobblestone":13,"minecraft:crafting_table":1,"minecraft:spruce_log":1},"minecraft:dropped":{"minecraft:wheat_seeds":1},"minecraft:killed":{"minecraft:skeleton":1,"minecraft:zombie":5,"minecraft:bat":1},"minecraft:mined":{"minecraft:large_fern":1,"minecraft:spruce_planks":2,"minecraft:iron_ore":19,"minecraft:spruce_log":14,"minecraft:crafting_table":1,"minecraft:grass_block":2,"minecraft:coal_ore":34,"minecraft:gravel":1,"minecraft:dirt":5,"minecraft:cobblestone":2,"minecraft:spruce_leaves":3,"minecraft:stone":20,"minecraft:wall_torch":1},"minecraft:custom":{"minecraft:time_since_rest":26172,"minecraft:sprint_one_cm":58595,"minecraft:damage_taken":455,"minecraft:walk_one_cm":39799,"minecraft:damage_blocked_by_shield":570,"minecraft:mob_kills":7,"minecraft:drop":1,"minecraft:damage_dealt":994,"minecraft:swim_one_cm":4192,"minecraft:interact_with_crafting_table":2,"minecraft:fly_one_cm":45179,"minecraft:crouch_one_cm":9382,"minecraft:play_time":26172,"minecraft:sneak_time":3986,"minecraft:walk_under_water_one_cm":368,"minecraft:jump":291,"minecraft:leave_game":5,"minecraft:walk_on_water_one_cm":1751,"minecraft:time_since_death":26172,"minecraft:total_world_time":26172,"minecraft:fall_one_cm":8370},"minecraft:picked_up":{"minecraft:crafting_table":1,"minecraft:raw_iron":19,"minecraft:torch":1,"minecraft:spruce_log":14,"minecraft:dirt":7,"minecraft:rotten_flesh":1,"minecraft:bone":1,"minecraft:arrow":1,"minecraft:wheat_seeds":1,"minecraft:spruce_planks":2,"minecraft:coal":34,"minecraft:cobblestone":21}},"DataVersion":3465}