{"stats":{"minecraft:crafted":{"minecraft:crafting_table":1,"minecraft:spruce_planks":24,"minecraft:stick":8,"minecraft:wooden_pickaxe":1,"minecraft:stone_pickaxe":1,"minecraft:stone_sword":1,"minecraft:torch":4,"minecraft:stone_axe":1},"minecraft:used":{"minecraft:stone_sword":14,"minecraft:stone_pickaxe":35,"minecraft:wooden_pickaxe":9,"minecraft:stone_axe":8,"minecraft:cobblestone":7,"minecraft:crafting_table":1,"minecraft:spruce_log":1},"minecraft:killed":{"minecraft:skeleton":1,"minecraft:zombie":1,"minecraft:bat":1},"minecraft:mined":{"minecraft:iron_ore":2,"minecraft:spruce_log":14,"minecraft:crafting_table":1,"minecraft:coal_ore":23,"minecraft:gravel":1,"minecraft:spruce_leaves":3,"minecraft:stone":19},"minecraft:custom":{"minecraft:time_since_rest":14683,"minecraft:sprint_one_cm":36580,"minecraft:damage_taken":135,"minecraft:walk_one_cm":18187,"minecraft:mob_kills":3,"minecraft:damage_dealt":350,"minecraft:swim_one_cm":3783,"minecraft:interact_with_crafting_table":2,"minecraft:fly_one_cm":18621,"minecraft:crouch_one_cm":5085,"minecraft:play_time":14683,"minecraft:sneak_time":1877,"minecraft:walk_under_water_one_cm":141,"minecraft:jump":137,"minecraft:leave_game":5,"minecraft:walk_on_water_one_cm":260,"minecraft:time_since_death":14683,"minecraft:total_world_time":14683,"minecraft:fall_one_cm":2001},"minecraft:picked_up":{"minecraft:crafting_table":1,"minecraft:raw_iron":2,"minecraft:spruce_log":14,"minecraft:bone":1,"minecraft:arrow":1,"minecraft:coal":23,"minecraft:cobblestone":18}},"DataVersion":3465}